Year,Product,Unit,Species,Average,Min,Max,Num_Reports,Prior_Year_Avg
2000,BOLTWOOD,cord,WHITE BIRCH,61.0,30.0,75.0,9.0,
2000,FIREWOOD,cord,ALL SPECIES,11.0,6.0,20.0,28.0,
2000,PALLETWOOD,MBF,ALL SPECIES,46.0,20.0,110.0,76.0,
2000,PULPWOOD,cord,ASPEN/POPLAR,9.0,4.05,15.0,25.0,
2000,PULPWOOD,cord,HEMLOCK,11.0,3.6,18.0,26.0,
2000,PULPWOOD,cord,OTHER SOFTWOODS,5.0,1.15,12.42,9.0,
2000,PULPWOOD,cord,MIXED HARDWOOD,9.0,1.25,21.25,46.0,
2000,PULPWOOD,cord,SPRUCE & FIR,13.0,9.0,17.01,7.0,
2000,PULPWOOD,cord,WHITE PINE,3.0,1.5,16.13,52.0,
2000,SAWLOG,MBF,ASH,92.0,35.0,170.0,17.0,
2000,SAWLOG,MBF,ASPEN/POPLAR,43.0,20.0,50.0,9.0,
2000,SAWLOG,MBF,BEECH,42.0,40.0,55.0,5.0,
2000,SAWLOG,MBF,HEMLOCK,55.0,35.0,90.0,29.0,
2000,SAWLOG,MBF,MIXED HARDWOOD,94.0,20.0,251.27,8.0,
2000,SAWLOG,MBF,MIXED HARDWOOD,31.0,25.0,50.0,4.0,
2000,SAWLOG,MBF,RED OAK,251.0,35.0,430.0,36.0,
2000,SAWLOG,MBF,RED PINE,41.0,25.0,145.0,9.0,
2000,SAWLOG,MBF,RED/WHITE MAPLE,69.0,30.0,185.0,23.0,
2000,SAWLOG,MBF,SPRUCE & FIR,130.0,53.0,190.0,23.0,
2000,SAWLOG,MBF,SUGAR MAPLE,198.0,55.0,344.33,14.0,
2000,SAWLOG,MBF,WHITE BIRCH,125.0,50.0,230.0,25.0,
2000,SAWLOG,MBF,WHITE OAK,154.0,75.0,325.0,4.0,
2000,SAWLOG,MBF,WHITE PINE,156.0,25.0,250.0,66.0,
2000,SAWLOG,MBF,YELLOW BIRCH,92.0,45.0,190.0,8.0,
2000,VENEER,MBF,ASPEN/POPLAR,73.0,60.0,100.0,6.0,
2000,VENEER,MBF,RED OAK,517.0,80.0,1206.0,22.0,
2001,BOLTWOOD,cord,WHITE BIRCH,45.0,35.0,60.0,7.0,
2001,FIREWOOD,cord,ALL SPECIES,10.0,7.0,16.0,25.0,
2001,PALLETWOOD,MBF,ALL SPECIES,50.0,15.0,88.26,51.0,
2001,PULPWOOD,cord,ASPEN/POPLAR,8.0,4.81,15.0,15.0,
2001,PULPWOOD,cord,HEMLOCK,10.0,6.0,20.0,21.0,
2001,PULPWOOD,cord,MIXED HARDWOOD,9.0,2.5,13.83,36.0,
2001,PULPWOOD,cord,SPRUCE & FIR,10.0,7.35,16.0,8.0,
2001,PULPWOOD,cord,WHITE PINE,7.0,2.15,29.0,38.0,
2001,SAWLOG,MBF,ASH,133.0,61.16,150.0,9.0,
2001,SAWLOG,MBF,ASPEN/POPLAR,33.0,30.0,65.0,5.0,
2001,SAWLOG,MBF,HEMLOCK,55.0,35.0,80.0,13.0,
2001,SAWLOG,MBF,MIXED HARDWOOD,144.0,50.0,240.0,12.0,
2001,SAWLOG,MBF,RED OAK,268.0,75.0,426.31,22.0,
2001,SAWLOG,MBF,RED/WHITE MAPLE,81.0,45.0,250.0,13.0,
2001,SAWLOG,MBF,SPRUCE & FIR,110.0,75.0,150.0,11.0,
2001,SAWLOG,MBF,SUGAR MAPLE,98.0,25.0,390.0,6.0,
2001,SAWLOG,MBF,WHITE BIRCH,115.0,25.0,375.14,10.0,
2001,SAWLOG,MBF,WHITE PINE,147.0,25.0,210.0,42.0,
2001,VENEER,MBF,RED OAK,712.0,375.0,790.64,7.0,
2002,BIOMASS,ton,ALL SPECIES,1.0,1.0,1.0,4.0,
2002,VENEER,MBF,RED OAK,676.0,275.0,800.0,15.0,
2002,BOLTWOOD,cord,WHITE BIRCH,32.0,20.0,60.0,7.0,
2002,FIREWOOD,cord,ALL SPECIES,11.0,10.0,12.0,12.0,
2002,PALLETWOOD,MBF,ALL SPECIES,38.0,12.0,70.0,63.0,
2002,PULPWOOD,cord,ASPEN/POPLAR,8.0,1.8,20.0,22.0,
2002,PULPWOOD,cord,HEMLOCK,10.0,2.4,15.6,32.0,
2002,PULPWOOD,cord,MIXED HARDWOOD,9.0,2.5,15.0,40.0,
2002,PULPWOOD,cord,MIXED HARDWOOD,8.0,5.4,18.9,5.0,
2002,PULPWOOD,cord,OTHER SOFTWOODS,8.0,5.0,13.8,5.0,
2002,PULPWOOD,cord,SPRUCE & FIR,11.0,2.1,15.23,13.0,
2002,PULPWOOD,cord,WHITE PINE,6.0,2.15,10.75,43.0,
2002,SAWLOG,MBF,ASH,126.0,75.0,169.09,9.0,
2002,SAWLOG,MBF,ASPEN/POPLAR,53.0,35.0,75.0,8.0,
2002,SAWLOG,MBF,HEMLOCK,52.0,35.0,70.0,21.0,
2002,SAWLOG,MBF,MIXED HARDWOOD,184.0,30.0,342.0,9.0,
2002,SAWLOG,MBF,RED OAK,324.0,30.0,450.0,23.0,
2002,SAWLOG,MBF,RED/WHITE MAPLE,79.0,47.0,143.0,15.0,
2002,SAWLOG,MBF,SPRUCE & FIR,96.0,35.0,140.0,17.0,
2002,SAWLOG,MBF,SUGAR MAPLE,123.0,30.0,320.0,13.0,
2002,SAWLOG,MBF,WHITE BIRCH,136.0,70.0,210.0,15.0,
2002,SAWLOG,MBF,WHITE PINE,143.0,70.0,235.0,49.0,
2002,SAWLOG,MBF,YELLOW BIRCH,95.0,20.0,220.0,17.0,
2003,BIOMASS,ton,ALL SPECIES,1.0,0.14,6.0,186.0,
2003,SAWLOG,MBF,ASH,123.0,25.0,300.0,254.0,
2003,SAWLOG,MBF,ASPEN/POPLAR,53.0,5.0,155.0,143.0,
2003,SAWLOG,MBF,BEECH,65.0,20.0,160.0,78.0,
2003,SAWLOG,MBF,CEDAR,65.0,14.55,125.0,46.0,
2003,SAWLOG,MBF,HEMLOCK,56.0,11.0,140.0,318.0,
2003,SAWLOG,MBF,MIXED HARDWOOD,180.0,4.0,655.0,195.0,
2003,SAWLOG,MBF,MIXED HARDWOOD,80.0,20.0,150.0,12.0,
2003,SAWLOG,MBF,OTHER SOFTWOODS,75.0,12.19,150.0,24.0,
2003,SAWLOG,MBF,MIXED HARDWOOD,117.0,22.0,575.0,69.0,
2003,SAWLOG,MBF,OTHER SOFTWOODS,88.0,15.0,200.0,16.0,
2003,SAWLOG,MBF,RED OAK,265.0,30.0,900.0,365.0,
2003,SAWLOG,MBF,RED PINE,92.0,20.0,200.0,93.0,
2003,SAWLOG,MBF,RED/WHITE MAPLE,103.0,25.0,340.0,326.0,
2003,SAWLOG,MBF,SPRUCE & FIR,113.0,35.0,200.0,485.0,
2003,SAWLOG,MBF,SUGAR MAPLE,232.0,25.0,1100.0,293.0,
2003,SAWLOG,MBF,WHITE BIRCH,127.0,20.0,386.0,315.0,
2003,SAWLOG,MBF,WHITE OAK,248.0,20.0,620.0,55.0,
2003,SAWLOG,MBF,WHITE PINE,156.0,15.0,420.0,845.0,
2003,SAWLOG,MBF,YELLOW BIRCH,153.0,20.0,470.0,253.0,
2003,BOLTWOOD,cord,ASH,58.0,12.0,120.0,7.0,
2003,BOLTWOOD,cord,ASPEN/POPLAR,12.0,10.0,18.0,9.0,
2003,BOLTWOOD,cord,CEDAR,24.0,12.0,50.0,18.0,
2003,BOLTWOOD,cord,MIXED HARDWOOD,27.0,9.0,45.0,7.0,
2003,BOLTWOOD,cord,MIXED HARDWOOD,9.0,3.0,15.0,4.0,
2003,BOLTWOOD,cord,RED OAK,59.0,25.0,65.0,6.0,
2003,BOLTWOOD,cord,RED/WHITE MAPLE,41.0,32.5,50.0,5.0,
2003,BOLTWOOD,cord,SUGAR MAPLE,55.0,15.0,95.0,9.0,
2003,BOLTWOOD,cord,WHITE BIRCH,52.0,6.0,125.0,122.0,
2003,BOLTWOOD,cord,YELLOW BIRCH,40.0,22.5,75.0,16.0,
2003,FIREWOOD,cord,ALL SPECIES,12.0,1.0,40.0,368.0,
2003,PALLETWOOD,MBF,ALL SPECIES,51.0,5.0,147.0,656.0,
2003,STUDWOOD,ton,ALL SPECIES,17.0,0.4,57.0,265.0,
2003,PULPWOOD,cord,ASPEN/POPLAR,12.0,1.8,38.0,358.0,
2003,PULPWOOD,cord,CEDAR,16.0,3.98,40.0,68.0,
2003,PULPWOOD,cord,HEMLOCK,11.0,1.2,34.0,383.0,
2003,PULPWOOD,cord,MIXED HARDWOOD,11.0,1.0,40.0,724.0,
2003,PULPWOOD,cord,MIXED HARDWOOD,15.0,2.7,43.0,31.0,
2003,PULPWOOD,cord,OTHER SOFTWOODS,11.0,1.15,28.0,87.0,
2003,PULPWOOD,cord,OTHER SOFTWOODS,11.0,2.15,30.0,21.0,
2003,PULPWOOD,cord,RED PINE,10.0,4.3,22.0,19.0,
2003,PULPWOOD,cord,SPRUCE & FIR,16.0,0.53,54.0,519.0,
2003,PULPWOOD,cord,WHITE PINE,6.0,0.52,41.0,515.0,
2003,VENEER,MBF,ASH,255.0,150.0,450.0,15.0,
2003,VENEER,MBF,ASPEN/POPLAR,100.0,15.0,375.0,74.0,
2003,VENEER,MBF,MIXED HARDWOOD,494.0,147.58,873.0,19.0,
2003,VENEER,MBF,RED OAK,541.0,60.0,1150.0,173.0,
2003,VENEER,MBF,RED/WHITE MAPLE,197.0,40.0,600.0,28.0,
2003,VENEER,MBF,SUGAR MAPLE,677.0,160.0,2480.0,79.0,
2003,VENEER,MBF,WHITE BIRCH,460.0,80.0,1000.0,87.0,
2003,VENEER,MBF,WHITE OAK,550.0,100.0,850.0,13.0,
2003,VENEER,MBF,YELLOW BIRCH,600.0,110.0,1350.0,94.0,
2004,BIOMASS,ton,ALL SPECIES,1.36,0.11,6.0,214.0,
2004,SAWLOG,MBF,ASH,118.0,10.0,350.0,269.0,
2004,SAWLOG,MBF,ASPEN/POPLAR,67.0,10.0,166.0,116.0,
2004,SAWLOG,MBF,BEECH,90.0,25.0,175.0,70.0,
2004,SAWLOG,MBF,CEDAR,61.0,10.0,135.0,51.0,
2004,SAWLOG,MBF,HEMLOCK,63.0,10.0,160.0,311.0,
2004,SAWLOG,MBF,MIXED HARDWOOD,198.0,10.0,581.0,193.0,
2004,SAWLOG,MBF,MIXED HARDWOOD,119.0,40.0,325.0,19.0,
2004,SAWLOG,MBF,OTHER SOFTWOODS,110.0,10.0,280.0,11.0,
2004,SAWLOG,MBF,MIXED HARDWOOD,165.0,15.0,666.0,77.0,
2004,SAWLOG,MBF,OTHER SOFTWOODS,86.0,25.0,160.0,22.0,
2004,SAWLOG,MBF,RED OAK,304.0,35.0,780.0,386.0,
2004,SAWLOG,MBF,RED PINE,71.0,15.0,300.0,92.0,
2004,SAWLOG,MBF,RED/WHITE MAPLE,121.0,15.0,450.0,345.0,
2004,SAWLOG,MBF,SPRUCE & FIR,129.0,4.0,290.0,541.0,
2004,SAWLOG,MBF,SUGAR MAPLE,247.0,24.0,550.0,298.0,
2004,SAWLOG,MBF,WHITE BIRCH,129.0,20.0,900.0,332.0,
2004,SAWLOG,MBF,WHITE OAK,181.0,4.0,450.0,46.0,
2004,SAWLOG,MBF,WHITE PINE,170.0,15.0,450.0,870.0,
2004,SAWLOG,MBF,YELLOW BIRCH,185.0,15.0,475.0,251.0,
2004,BOLTWOOD,MBF,ASH,86.0,40.0,140.0,6.0,
2004,BOLTWOOD,MBF,BEECH,75.0,50.0,100.0,6.0,
2004,BOLTWOOD,MBF,CEDAR,39.0,24.0,120.0,12.0,
2004,BOLTWOOD,MBF,RED OAK,61.0,20.0,92.0,4.0,
2004,BOLTWOOD,MBF,SUGAR MAPLE,114.0,36.0,250.0,14.0,
2004,BOLTWOOD,MBF,WHITE BIRCH,124.0,24.0,270.0,122.0,
2004,BOLTWOOD,MBF,YELLOW BIRCH,89.0,40.0,158.0,15.0,
2004,FIREWOOD,cord,ALL SPECIES,15.0,1.0,43.0,344.0,
2004,PALLETWOOD,MBF,ALL SPECIES,53.0,4.0,180.0,692.0,
2004,PULPWOOD,ton,ASPEN/POPLAR,9.0,1.0,27.0,456.0,
2004,PULPWOOD,ton,CEDAR,11.0,4.0,21.0,99.0,
2004,PULPWOOD,ton,HEMLOCK,5.0,0.0,17.0,430.0,
2004,PULPWOOD,ton,MIXED HARDWOOD,6.0,1.0,19.0,888.0,
2004,PULPWOOD,ton,MIXED HARDWOOD,5.0,1.0,14.0,32.0,
2004,PULPWOOD,ton,OTHER SOFTWOODS,6.0,1.0,21.0,102.0,
2004,PULPWOOD,ton,OTHER SOFTWOODS,6.0,1.0,13.0,29.0,
2004,PULPWOOD,ton,RED PINE,4.0,1.0,9.0,14.0,
2004,PULPWOOD,ton,SPRUCE & FIR,10.0,1.0,31.0,560.0,
2004,PULPWOOD,ton,WHITE PINE,4.0,0.0,16.0,605.0,
2004,STUDWOOD,ton,ALL SPECIES,22.0,2.0,75.0,282.0,
2004,STUDWOOD,ton,ASH,221.0,40.0,400.0,15.0,
2004,STUDWOOD,ton,ASPEN/POPLAR,78.0,40.0,150.0,63.0,
2004,STUDWOOD,ton,MIXED HARDWOOD,301.0,80.0,648.0,16.0,
2004,STUDWOOD,ton,MIXED HARDWOOD,267.0,70.0,500.0,8.0,
2004,STUDWOOD,ton,RED OAK,571.0,120.0,2075.0,176.0,
2004,STUDWOOD,ton,RED/WHITE MAPLE,341.0,60.0,800.0,28.0,
2004,STUDWOOD,ton,SUGAR MAPLE,562.0,100.0,2000.0,72.0,
2004,STUDWOOD,ton,WHITE BIRCH,470.0,95.0,1000.0,88.0,
2004,STUDWOOD,ton,WHITE OAK,407.0,288.0,500.0,5.0,
2004,STUDWOOD,ton,YELLOW BIRCH,519.0,125.0,1363.0,87.0,
2005,BIOMASS,ton,ALL SPECIES,1.7,0.16,8.5,287.0,
2005,SAWLOG,MBF,ASH,129.0,20.0,390.0,298.0,
2005,SAWLOG,MBF,ASPEN/POPLAR,83.0,23.0,137.0,107.0,
2005,SAWLOG,MBF,BEECH,81.0,22.0,175.0,107.0,
2005,SAWLOG,MBF,CEDAR,80.0,20.0,150.0,48.0,
2005,SAWLOG,MBF,HEMLOCK,62.0,20.0,200.0,341.0,
2005,SAWLOG,MBF,RED OAK,285.0,35.0,725.0,338.0,
2005,SAWLOG,MBF,RED PINE,74.0,20.0,150.0,113.0,
2005,SAWLOG,MBF,RED/WHITE MAPLE,117.0,25.0,342.0,358.0,
2005,SAWLOG,MBF,SPRUCE & FIR,161.0,21.0,275.0,570.0,
2005,SAWLOG,MBF,SUGAR MAPLE,287.0,25.0,658.0,291.0,
2005,SAWLOG,MBF,WHITE BIRCH,122.0,25.0,500.0,325.0,
2005,SAWLOG,MBF,WHITE OAK,148.0,20.0,338.0,49.0,
2005,SAWLOG,MBF,WHITE PINE,184.0,25.0,395.0,901.0,
2005,SAWLOG,MBF,YELLOW BIRCH,190.0,35.0,411.0,264.0,
2005,BOLTWOOD,MBF,ASPEN/POPLAR,38.0,30.0,60.0,5.0,
2005,BOLTWOOD,MBF,CEDAR,53.0,20.0,100.0,14.0,
2005,BOLTWOOD,MBF,SUGAR MAPLE,117.0,20.0,150.0,5.0,
2005,BOLTWOOD,MBF,WHITE BIRCH,129.0,20.0,260.0,99.0,
2005,FIREWOOD,cord,ALL SPECIES,15.0,2.0,67.0,351.0,
2005,PALLETWOOD,MBF,ALL SPECIES,57.0,5.0,150.0,580.0,
2005,PULPWOOD,ton,ASPEN/POPLAR,8.0,1.0,25.0,416.0,
2005,PULPWOOD,ton,CEDAR,13.0,1.0,20.0,76.0,
2005,PULPWOOD,ton,HEMLOCK,7.0,1.0,18.0,465.0,
2005,PULPWOOD,ton,MIXED HARDWOOD,7.0,1.0,25.0,830.0,
2005,PULPWOOD,ton,RED PINE,7.0,1.0,10.0,14.0,
2005,PULPWOOD,ton,SPRUCE & FIR,14.0,1.0,33.0,523.0,
2005,PULPWOOD,ton,WHITE PINE,4.0,1.0,16.0,558.0,
2005,STUDWOOD,ton,ALL SPECIES,25.0,1.0,54.0,479.0,
2005,VENEER,MBF,ASPEN/POPLAR,91.0,30.0,160.0,81.0,
2005,VENEER,MBF,RED OAK,561.0,175.0,1110.0,136.0,
2005,VENEER,MBF,RED/WHITE MAPLE,206.0,120.0,681.0,22.0,
2005,VENEER,MBF,SUGAR MAPLE,536.0,60.0,986.0,72.0,
2005,VENEER,MBF,WHITE BIRCH,387.0,125.0,891.0,70.0,
2005,VENEER,MBF,YELLOW BIRCH,476.0,90.0,943.0,72.0,
2006,BIOMASS,ton,ALL SPECIES,2.15,0.2,6.5,372.0,
2006,SAWLOG,MBF,ASH,148.0,25.0,400.0,314.0,
2006,SAWLOG,MBF,ASPEN/POPLAR,80.0,10.0,158.0,90.0,
2006,SAWLOG,MBF,BEECH,87.0,20.0,450.0,75.0,
2006,SAWLOG,MBF,CEDAR,75.0,15.0,191.0,45.0,
2006,SAWLOG,MBF,HEMLOCK,63.0,20.0,225.0,345.0,
2006,SAWLOG,MBF,RED OAK,249.0,10.0,650.0,342.0,
2006,SAWLOG,MBF,RED PINE,82.0,20.0,350.0,119.0,
2006,SAWLOG,MBF,RED/WHITE MAPLE,121.0,20.0,400.0,414.0,
2006,SAWLOG,MBF,SPRUCE & FIR,140.0,17.0,300.0,542.0,
2006,SAWLOG,MBF,SUGAR MAPLE,247.0,35.0,725.0,333.0,
2006,SAWLOG,MBF,WHITE BIRCH,127.0,10.0,475.0,334.0,
2006,SAWLOG,MBF,WHITE OAK,167.0,20.0,500.0,54.0,
2006,SAWLOG,MBF,WHITE PINE,194.0,14.0,376.0,923.0,
2006,SAWLOG,MBF,YELLOW BIRCH,173.0,25.0,533.0,322.0,
2006,BOLTWOOD,MBF,SUGAR MAPLE,114.0,43.0,300.0,10.0,
2006,BOLTWOOD,MBF,WHITE BIRCH,113.0,20.0,200.0,145.0,
2006,FIREWOOD,cord,ALL SPECIES,18.0,2.0,155.0,446.0,
2006,PALLETWOOD,MBF,ALL SPECIES,59.0,6.0,275.0,667.0,
2006,PULPWOOD,ton,ASPEN/POPLAR,8.0,2.0,33.0,484.0,
2006,PULPWOOD,ton,CEDAR,13.0,1.0,25.0,87.0,
2006,PULPWOOD,ton,HEMLOCK,7.0,0.0,25.0,510.0,
2006,PULPWOOD,ton,MIXED HARDWOOD,7.0,0.0,29.0,835.0,
2006,PULPWOOD,ton,RED PINE,5.0,2.0,14.0,14.0,
2006,PULPWOOD,ton,SPRUCE & FIR,11.0,0.0,56.0,587.0,
2006,PULPWOOD,ton,WHITE PINE,4.0,1.0,21.0,596.0,
2006,STUDWOOD,ton,OTHER SPECIES,13.0,2.0,60.0,213.0,
2006,STUDWOOD,ton,SPRUCE & FIR,32.0,2.0,58.0,292.0,
2006,VENEER,MBF,ASPEN/POPLAR,101.0,35.0,200.0,64.0,
2006,VENEER,MBF,RED OAK,578.0,50.0,1010.0,139.0,
2006,VENEER,MBF,RED/WHITE MAPLE,188.0,50.0,860.0,20.0,
2006,VENEER,MBF,SUGAR MAPLE,385.0,186.0,1200.0,98.0,
2006,VENEER,MBF,WHITE BIRCH,479.0,70.0,975.0,80.0,
2006,VENEER,MBF,YELLOW BIRCH,499.0,202.0,960.0,108.0,
2007,BIOMASS,ton,ALL SPECIES,2.42,0.5,6.0,481.0,
2007,SAWLOG,MBF,ASH,150.0,15.0,360.0,316.0,
2007,SAWLOG,MBF,ASPEN/POPLAR,59.0,8.0,193.0,73.0,
2007,SAWLOG,MBF,BEECH,66.0,25.0,190.0,78.0,
2007,SAWLOG,MBF,CEDAR,70.0,10.0,190.0,60.0,
2007,SAWLOG,MBF,HEMLOCK,71.0,25.0,200.0,332.0,
2007,SAWLOG,MBF,RED OAK,251.0,25.0,610.0,368.0,
2007,SAWLOG,MBF,RED PINE,72.0,21.0,200.0,100.0,
2007,SAWLOG,MBF,RED/WHITE MAPLE,111.0,25.0,311.0,392.0,
2007,SAWLOG,MBF,SPRUCE & FIR,131.0,30.0,326.0,567.0,
2007,SAWLOG,MBF,SUGAR MAPLE,222.0,10.0,834.0,358.0,
2007,SAWLOG,MBF,WHITE BIRCH,119.0,15.0,345.0,326.0,
2007,SAWLOG,MBF,WHITE OAK,145.0,40.0,510.0,47.0,
2007,SAWLOG,MBF,WHITE PINE,181.0,10.0,388.0,1021.0,
2007,SAWLOG,MBF,YELLOW BIRCH,150.0,23.0,425.0,309.0,
2007,BOLTWOOD,MBF,SUGAR MAPLE,73.0,40.0,450.0,4.0,
2007,BOLTWOOD,MBF,WHITE BIRCH,98.0,25.0,220.0,115.0,
2007,FIREWOOD,cord,ALL SPECIES,19.0,5.0,38.0,447.0,
2007,PALLETWOOD,MBF,ALL SPECIES,53.0,5.0,190.0,675.0,
2007,PULPWOOD,ton,ASPEN/POPLAR,9.0,0.4,22.0,485.0,
2007,PULPWOOD,ton,CEDAR,15.0,2.0,27.0,79.0,
2007,PULPWOOD,ton,HEMLOCK,7.0,0.4,20.0,516.0,
2007,PULPWOOD,ton,MIXED HARDWOOD,6.0,0.4,19.0,867.0,
2007,PULPWOOD,ton,RED PINE,5.0,2.0,21.0,24.0,
2007,PULPWOOD,ton,SPRUCE & FIR,12.0,1.0,28.0,605.0,
2007,PULPWOOD,ton,WHITE PINE,4.0,0.38,20.0,594.0,
2007,STUDWOOD,ton,OTHER SPECIES,10.0,2.0,96.0,171.0,
2007,STUDWOOD,ton,SPRUCE & FIR,29.0,2.0,50.0,247.0,
2007,STUDWOOD,ton,ASPEN/POPLAR,133.0,35.0,178.0,58.0,
2007,STUDWOOD,ton,RED OAK,534.0,163.0,966.0,149.0,
2007,STUDWOOD,ton,RED/WHITE MAPLE,379.0,140.0,765.0,13.0,
2007,STUDWOOD,ton,SUGAR MAPLE,617.0,278.0,991.0,91.0,
2007,STUDWOOD,ton,WHITE BIRCH,459.0,200.0,850.0,82.0,
2007,STUDWOOD,ton,YELLOW BIRCH,558.0,230.0,918.0,102.0,
2008,BIOMASS,ton,ALL SPECIES,2.7,0.1,14.0,667.0,2.0
2008,SAWLOG,MBF,ASH,150.0,13.0,600.0,440.0,150.0
2008,SAWLOG,MBF,ASPEN/POPLAR,106.0,15.0,282.0,76.0,59.0
2008,SAWLOG,MBF,BEECH,59.0,10.0,262.0,80.0,66.0
2008,SAWLOG,MBF,CEDAR,83.0,20.0,181.0,98.0,70.0
2008,SAWLOG,MBF,HEMLOCK,70.0,5.0,220.0,320.0,71.0
2008,SAWLOG,MBF,RED OAK,248.0,26.0,586.0,383.0,251.0
2008,SAWLOG,MBF,RED PINE,74.0,10.0,225.0,93.0,72.0
2008,SAWLOG,MBF,RED/WHITE MAPLE,126.0,25.0,632.0,516.0,111.0
2008,SAWLOG,MBF,SPRUCE & FIR,134.0,10.0,300.0,597.0,131.0
2008,SAWLOG,MBF,SUGAR MAPLE,189.0,13.0,632.0,508.0,222.0
2008,SAWLOG,MBF,WHITE BIRCH,115.0,15.0,449.0,415.0,119.0
2008,SAWLOG,MBF,WHITE OAK,181.0,10.0,328.0,46.0,145.0
2008,SAWLOG,MBF,WHITE PINE,172.0,10.0,499.0,988.0,181.0
2008,SAWLOG,MBF,YELLOW BIRCH,150.0,1.0,660.0,458.0,150.0
2008,BOLTWOOD,MBF,SUGAR MAPLE,120.0,80.0,150.0,6.0,73.0
2008,BOLTWOOD,MBF,WHITE BIRCH,106.0,35.0,191.0,103.0,98.0
2008,BOLTWOOD,MBF,YELLOW BIRCH,66.0,35.0,178.0,26.0,
2008,FIREWOOD,cord,ALL SPECIES,22.0,1.0,67.0,602.0,19.0
2008,PALLETWOOD,MBF,ALL SPECIES,71.0,6.0,225.0,675.0,53.0
2008,PULPWOOD,ton,ASPEN/POPLAR,13.0,1.0,41.0,514.0,9.0
2008,PULPWOOD,ton,CEDAR,16.0,0.84,25.0,75.0,15.0
2008,PULPWOOD,ton,HEMLOCK,5.0,0.3,35.0,638.0,7.0
2008,PULPWOOD,ton,MIXED HARDWOOD,11.0,0.28,32.0,1093.0,6.0
2008,PULPWOOD,ton,RED PINE,8.0,1.0,20.0,23.0,5.0
2008,PULPWOOD,ton,SPRUCE & FIR,12.0,0.84,38.0,759.0,12.0
2008,PULPWOOD,ton,WHITE PINE,4.0,0.44,24.0,630.0,4.0
2008,STUDWOOD,ton,OTHER SPECIES,16.0,1.0,50.0,173.0,10.0
2008,STUDWOOD,ton,SPRUCE & FIR,26.0,2.0,69.0,381.0,29.0
2008,STUDWOOD,ton,ASPEN/POPLAR,117.0,20.0,232.0,67.0,133.0
2008,STUDWOOD,ton,RED OAK,560.0,120.0,1000.0,190.0,534.0
2008,STUDWOOD,ton,RED/WHITE MAPLE,489.0,150.0,800.0,5.0,379.0
2008,STUDWOOD,ton,SUGAR MAPLE,600.0,200.0,2865.0,159.0,617.0
2008,STUDWOOD,ton,WHITE BIRCH,505.0,65.0,998.0,148.0,459.0
2008,STUDWOOD,ton,YELLOW BIRCH,582.0,38.0,990.0,176.0,558.0
2009,BIOMASS,ton,ALL SPECIES,2.99,0.15,10.25,709.0,3.0
2009,SAWLOG,MBF,ASH,161.0,15.0,368.0,335.0,150.0
2009,SAWLOG,MBF,ASPEN/POPLAR,75.0,20.0,175.0,36.0,106.0
2009,SAWLOG,MBF,BEECH,82.0,10.0,175.0,40.0,59.0
2009,SAWLOG,MBF,CEDAR,96.0,25.0,125.0,78.0,83.0
2009,SAWLOG,MBF,HEMLOCK,70.0,6.0,175.0,342.0,70.0
2009,SAWLOG,MBF,RED OAK,202.0,20.0,515.0,299.0,248.0
2009,SAWLOG,MBF,RED PINE,66.0,10.0,195.0,81.0,74.0
2009,SAWLOG,MBF,RED/WHITE MAPLE,110.0,10.0,225.0,406.0,126.0
2009,SAWLOG,MBF,SPRUCE & FIR,123.0,20.0,239.0,561.0,134.0
2009,SAWLOG,MBF,SUGAR MAPLE,172.0,10.0,450.0,452.0,189.0
2009,SAWLOG,MBF,WHITE BIRCH,128.0,5.0,253.0,337.0,115.0
2009,SAWLOG,MBF,WHITE OAK,144.0,20.0,275.0,33.0,181.0
2009,SAWLOG,MBF,WHITE PINE,169.0,20.0,350.0,867.0,172.0
2009,SAWLOG,MBF,YELLOW BIRCH,186.0,20.0,397.0,406.0,150.0
2009,BOLTWOOD,MBF,SUGAR MAPLE,123.0,30.0,135.0,61.0,120.0
2009,BOLTWOOD,MBF,WHITE BIRCH,128.0,25.0,211.0,170.0,106.0
2009,BOLTWOOD,MBF,YELLOW BIRCH,112.0,35.0,190.0,87.0,66.0
2009,FIREWOOD,cord,ALL SPECIES,19.0,2.0,50.0,660.0,22.0
2009,PALLETWOOD,MBF,HARDWOOD,63.0,3.0,128.0,306.0,
2009,PALLETWOOD,MBF,SOFTWOOD,68.0,5.0,150.0,284.0,
2009,PULPWOOD,ton,ASPEN/POPLAR,9.0,0.52,23.0,391.0,13.0
2009,PULPWOOD,ton,CEDAR,16.0,0.3,33.0,74.0,16.0
2009,PULPWOOD,ton,HEMLOCK,7.0,0.42,18.0,605.0,5.0
2009,PULPWOOD,ton,MIXED HARDWOOD,8.0,0.64,22.0,905.0,11.0
2009,PULPWOOD,ton,RED PINE,5.0,1.0,12.0,32.0,8.0
2009,PULPWOOD,ton,SPRUCE & FIR,13.0,0.58,29.0,677.0,12.0
2009,PULPWOOD,ton,WHITE PINE,4.0,0.24,12.0,567.0,4.0
2009,STUDWOOD,ton,OTHER SPECIES,11.0,1.0,30.0,172.0,16.0
2009,STUDWOOD,ton,SPRUCE & FIR,22.0,2.0,43.0,268.0,26.0
2009,STUDWOOD,ton,ASPEN/POPLAR,110.0,64.0,179.0,30.0,117.0
2009,STUDWOOD,ton,RED OAK,458.0,125.0,900.0,154.0,560.0
2009,STUDWOOD,ton,RED/WHITE MAPLE,227.0,60.0,782.0,15.0,489.0
2009,STUDWOOD,ton,SUGAR MAPLE,614.0,175.0,1005.0,222.0,600.0
2009,STUDWOOD,ton,WHITE BIRCH,458.0,226.0,900.0,101.0,505.0
2009,STUDWOOD,ton,YELLOW BIRCH,584.0,200.0,942.0,229.0,582.0
2010,BIOMASS,ton,ALL SPECIES,3.84,0.05,10.0,722.0,3.0
2010,SAWLOG,MBF,ASH,124.0,25.0,351.0,441.0,161.0
2010,SAWLOG,MBF,ASPEN/POPLAR,105.0,20.0,190.0,63.0,75.0
2010,SAWLOG,MBF,BEECH,59.0,20.0,146.0,40.0,82.0
2010,SAWLOG,MBF,CEDAR,76.0,12.0,187.0,59.0,96.0
2010,SAWLOG,MBF,HEMLOCK,69.0,3.0,165.0,345.0,70.0
2010,SAWLOG,MBF,RED OAK,242.0,45.0,650.0,452.0,202.0
2010,SAWLOG,MBF,RED PINE,72.0,13.0,239.0,89.0,66.0
2010,SAWLOG,MBF,RED/WHITE MAPLE,74.0,20.0,250.0,497.0,110.0
2010,SAWLOG,MBF,SPRUCE & FIR,105.0,15.0,300.0,586.0,123.0
2010,SAWLOG,MBF,SUGAR MAPLE,154.0,40.0,530.0,504.0,172.0
2010,SAWLOG,MBF,WHITE BIRCH,121.0,20.0,326.0,375.0,128.0
2010,SAWLOG,MBF,WHITE OAK,120.0,13.0,250.0,48.0,144.0
2010,SAWLOG,MBF,WHITE PINE,170.0,20.0,375.0,977.0,169.0
2010,SAWLOG,MBF,YELLOW BIRCH,161.0,30.0,450.0,463.0,186.0
2010,BOLTWOOD,MBF,CEDAR,46.0,40.0,132.0,7.0,
2010,BOLTWOOD,MBF,SUGAR MAPLE,105.0,26.0,158.0,20.0,123.0
2010,BOLTWOOD,MBF,WHITE BIRCH,132.0,30.0,222.0,170.0,128.0
2010,BOLTWOOD,MBF,YELLOW BIRCH,57.0,24.0,190.0,58.0,112.0
2010,FIREWOOD,cord,ALL SPECIES,21.0,3.0,50.0,604.0,19.0
2010,PALLETWOOD,MBF,HARDWOOD,60.0,1.0,175.0,406.0,63.0
2010,PALLETWOOD,MBF,SOFTWOOD,67.0,2.0,130.0,364.0,68.0
2010,STUDWOOD,ton,OTHER SPECIES,12.0,3.0,45.0,231.0,11.0
2010,STUDWOOD,ton,SPRUCE & FIR,22.0,3.0,40.0,323.0,22.0
2010,PULPWOOD,ton,ASPEN/POPLAR,11.0,0.2,27.0,549.0,9.0
2010,PULPWOOD,ton,CEDAR,16.0,0.3,20.0,85.0,16.0
2010,PULPWOOD,ton,HEMLOCK,6.0,0.5,16.0,588.0,7.0
2010,PULPWOOD,ton,MIXED HARDWOOD,8.0,0.6,25.0,1221.0,8.0
2010,PULPWOOD,ton,RED PINE,4.0,1.0,8.0,27.0,5.0
2010,PULPWOOD,ton,SPRUCE & FIR,11.0,0.22,40.0,779.0,13.0
2010,PULPWOOD,ton,WHITE PINE,4.0,0.11,14.0,682.0,4.0
2010,PULPWOOD,ton,ASPEN/POPLAR,122.0,70.0,250.0,13.0,110.0
2010,PULPWOOD,ton,RED OAK,528.0,105.0,927.0,258.0,458.0
2010,PULPWOOD,ton,RED/WHITE MAPLE,294.0,40.0,533.0,18.0,227.0
2010,PULPWOOD,ton,SUGAR MAPLE,400.0,100.0,1000.0,228.0,614.0
2010,PULPWOOD,ton,WHITE BIRCH,478.0,90.0,798.0,155.0,458.0
2010,PULPWOOD,ton,YELLOW BIRCH,508.0,60.0,1000.0,272.0,584.0
2011,BIOMASS,ton,ALL SPECIES,2.43,0.1,10.0,689.0,4.0
2011,SAWLOG,MBF,ASH,165.0,20.0,350.0,439.0,124.0
2011,SAWLOG,MBF,ASPEN/POPLAR,107.0,20.0,178.0,65.0,105.0
2011,SAWLOG,MBF,BEECH,93.0,12.0,200.0,44.0,59.0
2011,SAWLOG,MBF,CEDAR,121.0,13.0,188.0,83.0,76.0
2011,SAWLOG,MBF,HEMLOCK,73.0,20.0,170.0,404.0,69.0
2011,SAWLOG,MBF,RED OAK,211.0,47.0,550.0,421.0,242.0
2011,SAWLOG,MBF,RED PINE,54.0,10.0,200.0,94.0,72.0
2011,SAWLOG,MBF,RED/WHITE MAPLE,123.0,17.0,300.0,518.0,74.0
2011,SAWLOG,MBF,SPRUCE & FIR,141.0,17.0,300.0,605.0,105.0
2011,SAWLOG,MBF,SUGAR MAPLE,186.0,25.0,535.0,493.0,154.0
2011,SAWLOG,MBF,WHITE BIRCH,127.0,30.0,495.0,446.0,121.0
2011,SAWLOG,MBF,WHITE OAK,148.0,20.0,350.0,42.0,120.0
2011,SAWLOG,MBF,WHITE PINE,172.0,19.0,430.0,1064.0,170.0
2011,SAWLOG,MBF,YELLOW BIRCH,191.0,38.0,480.0,466.0,161.0
2011,BOLTWOOD,MBF,CEDAR,46.0,20.0,120.0,5.0,46.0
2011,BOLTWOOD,MBF,SUGAR MAPLE,102.0,40.0,159.0,20.0,105.0
2011,BOLTWOOD,MBF,WHITE BIRCH,128.0,20.0,215.0,189.0,132.0
2011,BOLTWOOD,MBF,YELLOW BIRCH,121.0,40.0,205.0,62.0,57.0
2011,FIREWOOD,cord,ALL SPECIES,21.0,4.0,51.0,686.0,21.0
2011,PALLETWOOD,MBF,HARDWOOD,69.0,5.0,180.0,402.0,60.0
2011,PALLETWOOD,MBF,SOFTWOOD,78.0,4.0,150.0,409.0,67.0
2011,STUDWOOD,ton,OTHER SPECIES,14.0,2.0,50.0,223.0,12.0
2011,STUDWOOD,ton,SPRUCE & FIR,27.0,4.0,46.0,387.0,22.0
2011,PULPWOOD,ton,ASPEN/POPLAR,11.0,1.0,27.0,599.0,11.0
2011,PULPWOOD,ton,CEDAR,13.0,0.5,25.0,107.0,16.0
2011,PULPWOOD,ton,HEMLOCK,6.0,0.38,15.0,712.0,6.0
2011,PULPWOOD,ton,MIXED HARDWOOD,10.0,0.6,22.0,1290.0,8.0
2011,PULPWOOD,ton,RED PINE,8.0,2.0,14.0,41.0,4.0
2011,PULPWOOD,ton,SPRUCE & FIR,13.0,0.4,33.0,870.0,11.0
2011,PULPWOOD,ton,WHITE PINE,4.0,0.38,13.0,803.0,4.0
2011,PULPWOOD,ton,ASPEN/POPLAR,133.0,55.0,250.0,25.0,122.0
2011,PULPWOOD,ton,RED OAK,504.0,100.0,1160.0,208.0,528.0
2011,PULPWOOD,ton,RED/WHITE MAPLE,225.0,55.0,800.0,18.0,294.0
2011,PULPWOOD,ton,SUGAR MAPLE,501.0,100.0,1166.0,201.0,400.0
2011,PULPWOOD,ton,WHITE BIRCH,486.0,100.0,965.0,198.0,478.0
2011,PULPWOOD,ton,YELLOW BIRCH,643.0,100.0,976.0,224.0,508.0
2012,BIOMASS,ton,ALL SPECIES,2.08,0.4,8.0,794.0,2.0
2012,SAWLOG,MBF,ASH,173.0,45.0,400.0,456.0,165.0
2012,SAWLOG,MBF,ASPEN/POPLAR,139.0,50.0,282.0,38.0,107.0
2012,SAWLOG,MBF,BEECH,85.0,4.0,235.0,41.0,93.0
2012,SAWLOG,MBF,CEDAR,65.0,12.0,175.0,63.0,121.0
2012,SAWLOG,MBF,HEMLOCK,72.0,20.0,172.0,451.0,73.0
2012,SAWLOG,MBF,RED OAK,208.0,50.0,450.0,470.0,211.0
2012,SAWLOG,MBF,RED PINE,67.0,20.0,150.0,91.0,54.0
2012,SAWLOG,MBF,RED/WHITE MAPLE,145.0,25.0,370.0,469.0,123.0
2012,SAWLOG,MBF,SPRUCE & FIR,116.0,20.0,235.0,591.0,141.0
2012,SAWLOG,MBF,SUGAR MAPLE,221.0,50.0,451.0,522.0,186.0
2012,SAWLOG,MBF,WHITE BIRCH,171.0,40.0,400.0,419.0,127.0
2012,SAWLOG,MBF,WHITE OAK,162.0,20.0,355.0,59.0,148.0
2012,SAWLOG,MBF,WHITE PINE,165.0,27.0,335.0,1103.0,172.0
2012,SAWLOG,MBF,YELLOW BIRCH,225.0,50.0,502.0,475.0,191.0
2012,BOLTWOOD,MBF,SUGAR MAPLE,159.0,40.0,239.0,44.0,102.0
2012,BOLTWOOD,MBF,WHITE BIRCH,174.0,29.0,370.0,283.0,128.0
2012,BOLTWOOD,MBF,YELLOW BIRCH,150.0,72.0,300.0,51.0,121.0
2012,FIREWOOD,cord,ALL SPECIES,21.0,7.0,45.0,667.0,21.0
2012,PALLETWOOD,MBF,HARDWOOD,61.0,5.0,182.0,446.0,69.0
2012,PALLETWOOD,MBF,SOFTWOOD,54.0,9.0,155.0,415.0,78.0
2012,PALLETWOOD,MBF,ASPEN/POPLAR,12.0,2.0,27.0,648.0,11.0
2012,PALLETWOOD,MBF,CEDAR,12.0,1.0,30.0,136.0,13.0
2012,PALLETWOOD,MBF,HEMLOCK,6.0,2.0,14.0,722.0,6.0
2012,PALLETWOOD,MBF,MIXED HARDWOOD,10.0,2.0,23.0,1437.0,10.0
2012,PALLETWOOD,MBF,RED PINE,6.0,0.46,12.0,31.0,8.0
2012,PALLETWOOD,MBF,SPRUCE & FIR,13.0,0.62,34.0,865.0,13.0
2012,PALLETWOOD,MBF,WHITE PINE,4.0,2.0,11.0,788.0,4.0
2012,PALLETWOOD,MBF,OTHER SPECIES,12.0,2.0,50.0,260.0,14.0
2012,PALLETWOOD,MBF,SPRUCE & FIR,25.0,2.0,41.0,470.0,27.0
2012,PALLETWOOD,MBF,ASPEN/POPLAR,116.0,80.0,160.0,7.0,133.0
2012,PALLETWOOD,MBF,RED OAK,485.0,127.0,1060.0,211.0,504.0
2012,PALLETWOOD,MBF,RED/WHITE MAPLE,478.0,100.0,750.0,14.0,225.0
2012,PALLETWOOD,MBF,SUGAR MAPLE,674.0,175.0,1500.0,247.0,501.0
2012,PALLETWOOD,MBF,WHITE BIRCH,529.0,145.0,1000.0,202.0,486.0
2012,PALLETWOOD,MBF,YELLOW BIRCH,731.0,150.0,1160.0,246.0,643.0
2013,BIOMASS,ton,ALL SPECIES,2.3,0.5,7.0,742.0,2.0
2013,SAWLOG,MBF,ASH,164.0,40.0,317.0,461.0,173.0
2013,SAWLOG,MBF,ASPEN/POPLAR,66.0,38.0,180.0,58.0,139.0
2013,SAWLOG,MBF,BEECH,137.0,23.0,195.0,28.0,85.0
2013,SAWLOG,MBF,CEDAR,65.0,20.0,163.0,87.0,65.0
2013,SAWLOG,MBF,HEMLOCK,70.0,31.0,150.0,429.0,72.0
2013,SAWLOG,MBF,RED OAK,237.0,85.0,434.0,466.0,208.0
2013,SAWLOG,MBF,RED PINE,53.0,12.0,129.0,79.0,67.0
2013,SAWLOG,MBF,RED/WHITE MAPLE,122.0,23.0,285.0,500.0,145.0
2013,SAWLOG,MBF,SPRUCE & FIR,114.0,40.0,245.0,598.0,116.0
2013,SAWLOG,MBF,SUGAR MAPLE,225.0,53.0,457.0,518.0,221.0
2013,SAWLOG,MBF,WHITE BIRCH,141.0,50.0,314.0,409.0,171.0
2013,SAWLOG,MBF,WHITE OAK,122.0,25.0,250.0,51.0,162.0
2013,SAWLOG,MBF,WHITE PINE,161.0,43.0,290.0,1111.0,165.0
2013,SAWLOG,MBF,YELLOW BIRCH,198.0,58.0,367.0,447.0,225.0
2013,BOLTWOOD,MBF,ASPEN/POPLAR,,,,,
2013,BOLTWOOD,MBF,CEDAR,,,,,
2013,BOLTWOOD,MBF,SUGAR MAPLE,124.0,80.0,145.0,25.0,159.0
2013,BOLTWOOD,MBF,WHITE BIRCH,149.0,34.0,241.0,245.0,174.0
2013,BOLTWOOD,MBF,YELLOW BIRCH,117.0,74.0,184.0,47.0,150.0
2013,FIREWOOD,cord,ALL SPECIES,21.0,6.0,36.0,635.0,21.0
2013,PALLETWOOD,MBF,HARDWOOD,84.0,15.0,180.0,434.0,61.0
2013,PALLETWOOD,MBF,SOFTWOOD,51.0,10.0,85.0,367.0,54.0
2013,PALLETWOOD,MBF,OTHER SPECIES,13.0,2.0,30.0,236.0,12.0
2013,PALLETWOOD,MBF,SPRUCE & FIR,29.0,6.0,42.0,459.0,25.0
2013,PULPWOOD,ton,ASPEN/POPLAR,13.0,1.0,25.0,593.0,12.0
2013,PULPWOOD,ton,CEDAR,8.0,3.0,20.0,104.0,12.0
2013,PULPWOOD,ton,HEMLOCK,5.0,2.0,11.0,679.0,6.0
2013,PULPWOOD,ton,MIXED HARDWOOD,10.0,2.0,26.0,1384.0,10.0
2013,PULPWOOD,ton,RED PINE,5.0,3.0,10.0,31.0,6.0
2013,PULPWOOD,ton,SPRUCE & FIR,13.0,3.0,28.0,870.0,13.0
2013,PULPWOOD,ton,WHITE PINE,4.0,1.0,9.0,777.0,4.0
2013,PULPWOOD,ton,ASPEN/POPLAR,130.0,83.0,175.0,7.0,116.0
2013,PULPWOOD,ton,RED OAK,526.0,210.0,900.0,237.0,485.0
2013,PULPWOOD,ton,RED/WHITE MAPLE,398.0,100.0,500.0,11.0,478.0
2013,PULPWOOD,ton,SUGAR MAPLE,572.0,210.0,1204.0,221.0,674.0
2013,PULPWOOD,ton,WHITE BIRCH,486.0,175.0,843.0,188.0,529.0
2013,PULPWOOD,ton,YELLOW BIRCH,585.0,180.0,978.0,204.0,731.0
2014,BIOMASS,ton,ALL SPECIES,2.84,0.75,7.6,799.0,2.0
2014,SAWLOG,MBF,ASH,179.0,50.0,309.0,461.0,164.0
2014,SAWLOG,MBF,ASPEN/POPLAR,122.0,40.0,200.0,54.0,66.0
2014,SAWLOG,MBF,BEECH,97.0,20.0,165.0,26.0,137.0
2014,SAWLOG,MBF,CEDAR,102.0,10.0,147.0,123.0,65.0
2014,SAWLOG,MBF,HEMLOCK,72.0,32.0,135.0,404.0,70.0
2014,SAWLOG,MBF,RED OAK,319.0,105.0,558.0,462.0,237.0
2014,SAWLOG,MBF,RED PINE,66.0,25.0,145.0,99.0,53.0
2014,SAWLOG,MBF,RED/WHITE MAPLE,167.0,40.0,271.0,493.0,122.0
2014,SAWLOG,MBF,SPRUCE & FIR,206.0,37.0,276.0,543.0,114.0
2014,SAWLOG,MBF,SUGAR MAPLE,291.0,57.0,504.0,466.0,225.0
2014,SAWLOG,MBF,WHITE BIRCH,168.0,13.0,363.0,434.0,141.0
2014,SAWLOG,MBF,WHITE OAK,173.0,35.0,336.0,59.0,122.0
2014,SAWLOG,MBF,WHITE PINE,172.0,55.0,279.0,1053.0,161.0
2014,SAWLOG,MBF,YELLOW BIRCH,252.0,60.0,364.0,454.0,198.0
2014,BOLTWOOD,MBF,ASPEN/POPLAR,,,,,
2014,BOLTWOOD,MBF,CEDAR,,,,,
2014,BOLTWOOD,MBF,SUGAR MAPLE,170.0,50.0,214.0,31.0,124.0
2014,BOLTWOOD,MBF,WHITE BIRCH,161.0,26.0,279.0,241.0,149.0
2014,BOLTWOOD,MBF,YELLOW BIRCH,156.0,49.0,190.0,47.0,117.0
2014,FIREWOOD,cord,ALL SPECIES,24.0,8.0,43.0,659.0,21.0
2014,PALLETWOOD,MBF,HARDWOOD,40.0,20.0,234.0,415.0,84.0
2014,PALLETWOOD,MBF,SOFTWOOD,56.0,12.0,100.0,371.0,51.0
2014,PALLETWOOD,MBF,OTHER SPECIES,10.0,2.0,28.0,194.0,13.0
2014,PALLETWOOD,MBF,SPRUCE & FIR,31.0,7.0,46.0,473.0,29.0
2014,PULPWOOD,ton,ASPEN/POPLAR,13.0,3.0,27.0,591.0,13.0
2014,PULPWOOD,ton,CEDAR,12.0,4.0,23.0,115.0,8.0
2014,PULPWOOD,ton,HEMLOCK,6.0,2.0,12.0,629.0,5.0
2014,PULPWOOD,ton,MIXED HARDWOOD,11.0,3.0,24.0,1340.0,10.0
2014,PULPWOOD,ton,RED PINE,4.0,4.0,9.0,18.0,5.0
2014,PULPWOOD,ton,SPRUCE & FIR,12.0,2.0,28.0,797.0,13.0
2014,PULPWOOD,ton,WHITE PINE,4.0,1.0,12.0,684.0,4.0
2014,PULPWOOD,ton,ASPEN/POPLAR,,,,,
2014,PULPWOOD,ton,RED OAK,568.0,246.0,930.0,277.0,526.0
2014,PULPWOOD,ton,RED/WHITE MAPLE,314.0,200.0,600.0,9.0,398.0
2014,PULPWOOD,ton,SUGAR MAPLE,823.0,204.0,1206.0,187.0,572.0
2014,PULPWOOD,ton,WHITE BIRCH,593.0,200.0,920.0,184.0,486.0
2014,PULPWOOD,ton,YELLOW BIRCH,723.0,200.0,975.0,177.0,585.0
2015,BIOMASS,ton,ALL SPECIES,2.94,0.25,12.0,718.0,3.0
2015,SAWLOG,MBF,ASH,175.0,50.0,404.0,516.0,179.0
2015,SAWLOG,MBF,ASPEN/POPLAR,130.0,26.0,220.0,63.0,122.0
2015,SAWLOG,MBF,BEECH,81.0,10.0,179.0,56.0,97.0
2015,SAWLOG,MBF,CEDAR,118.0,19.0,180.0,125.0,102.0
2015,SAWLOG,MBF,HEMLOCK,73.0,20.0,200.0,422.0,72.0
2015,SAWLOG,MBF,RED OAK,291.0,50.0,580.0,572.0,319.0
2015,SAWLOG,MBF,RED PINE,71.0,20.0,125.0,97.0,66.0
2015,SAWLOG,MBF,RED/WHITE MAPLE,185.0,23.0,313.0,498.0,167.0
2015,SAWLOG,MBF,SPRUCE & FIR,205.0,36.0,280.0,532.0,206.0
2015,SAWLOG,MBF,SUGAR MAPLE,300.0,48.0,550.0,520.0,291.0
2015,SAWLOG,MBF,WHITE BIRCH,170.0,35.0,350.0,497.0,168.0
2015,SAWLOG,MBF,WHITE OAK,186.0,25.0,315.0,70.0,173.0
2015,SAWLOG,MBF,WHITE PINE,172.0,10.0,331.0,983.0,172.0
2015,SAWLOG,MBF,YELLOW BIRCH,276.0,52.0,397.0,493.0,252.0
2015,BOLTWOOD,MBF,ASPEN/POPLAR,,,,,
2015,BOLTWOOD,MBF,CEDAR,176.0,70.0,250.0,4.0,
2015,BOLTWOOD,MBF,SUGAR MAPLE,165.0,100.0,190.0,19.0,170.0
2015,BOLTWOOD,MBF,WHITE BIRCH,157.0,25.0,347.0,247.0,161.0
2015,BOLTWOOD,MBF,YELLOW BIRCH,130.0,38.0,189.0,26.0,156.0
2015,FIREWOOD,cord,ALL SPECIES,26.0,4.0,58.0,648.0,24.0
2015,PALLETWOOD,MBF,HARDWOOD,108.0,10.0,298.0,480.0,40.0
2015,PALLETWOOD,MBF,SOFTWOOD,59.0,1.0,150.0,391.0,56.0
2015,PALLETWOOD,MBF,OTHER SPECIES,11.0,2.0,35.0,217.0,10.0
2015,PALLETWOOD,MBF,SPRUCE & FIR,30.0,4.0,54.0,539.0,31.0
2015,PULPWOOD,ton,ASPEN/POPLAR,15.0,2.0,31.0,578.0,13.0
2015,PULPWOOD,ton,CEDAR,12.0,1.0,25.0,122.0,12.0
2015,PULPWOOD,ton,HEMLOCK,6.0,0.8,19.0,631.0,6.0
2015,PULPWOOD,ton,MIXED HARDWOOD,12.0,1.0,35.0,1390.0,11.0
2015,PULPWOOD,ton,RED PINE,7.0,2.0,14.0,28.0,4.0
2015,PULPWOOD,ton,SPRUCE & FIR,12.0,1.0,33.0,697.0,12.0
2015,PULPWOOD,ton,WHITE PINE,4.0,0.5,14.0,645.0,4.0
2015,PULPWOOD,ton,ASPEN/POPLAR,230.0,90.0,450.0,4.0,
2015,PULPWOOD,ton,RED OAK,537.0,200.0,1050.0,270.0,568.0
2015,PULPWOOD,ton,RED/WHITE MAPLE,430.0,350.0,600.0,10.0,314.0
2015,PULPWOOD,ton,SUGAR MAPLE,863.0,245.0,1313.0,198.0,823.0
2015,PULPWOOD,ton,WHITE BIRCH,576.0,100.0,999.0,199.0,593.0
2015,PULPWOOD,ton,YELLOW BIRCH,790.0,234.0,1436.0,196.0,723.0
2016,BIOMASS,ton,ALL SPECIES,2.3,0.37,6.5,594.0,2.94
2016,SAWLOG,MBF,ASH,184.0,50.0,363.0,549.0,175.0
2016,SAWLOG,MBF,ASPEN/POPLAR,102.0,25.0,220.0,46.0,130.0
2016,SAWLOG,MBF,BEECH,107.0,12.0,250.0,72.0,81.0
2016,SAWLOG,MBF,CEDAR,116.0,30.0,200.0,129.0,118.0
2016,SAWLOG,MBF,HEMLOCK,71.0,20.0,150.0,404.0,73.0
2016,SAWLOG,MBF,RED OAK,283.0,80.0,550.0,534.0,291.0
2016,SAWLOG,MBF,RED PINE,41.0,15.0,170.0,81.0,71.0
2016,SAWLOG,MBF,RED/WHITE MAPLE,155.0,40.0,331.0,581.0,185.0
2016,SAWLOG,MBF,SPRUCE & FIR,109.0,36.0,200.0,534.0,205.0
2016,SAWLOG,MBF,SUGAR MAPLE,204.0,50.0,515.0,546.0,300.0
2016,SAWLOG,MBF,WHITE BIRCH,195.0,50.0,324.0,528.0,170.0
2016,SAWLOG,MBF,WHITE OAK,167.0,25.0,550.0,65.0,186.0
2016,SAWLOG,MBF,WHITE PINE,169.0,40.0,292.0,947.0,172.0
2016,SAWLOG,MBF,YELLOW BIRCH,200.0,40.0,375.0,480.0,276.0
2016,BOLTWOOD,MBF,ASPEN/POPLAR,,,,,
2016,BOLTWOOD,MBF,CEDAR,139.0,40.0,160.0,6.0,176.0
2016,BOLTWOOD,MBF,RED OAK,123.0,60.0,137.0,5.0,
2016,BOLTWOOD,MBF,RED/WHITE MAPLE,88.0,56.0,150.0,5.0,
2016,BOLTWOOD,MBF,SUGAR MAPLE,130.0,45.0,193.0,28.0,165.0
2016,BOLTWOOD,MBF,WHITE BIRCH,171.0,25.0,300.0,249.0,157.0
2016,BOLTWOOD,MBF,YELLOW BIRCH,143.0,45.0,202.0,27.0,130.0
2016,FIREWOOD,cord,ALL SPECIES,24.0,8.0,40.0,581.0,26.0
2016,PALLETWOOD,MBF,HARDWOOD,83.0,15.0,250.0,543.0,108.0
2016,PALLETWOOD,MBF,SOFTWOOD,53.0,10.0,90.0,425.0,59.0
2016,STUDWOOD,ton,OTHER SPECIES,11.0,2.0,36.0,157.0,11.0
2016,STUDWOOD,ton,SPRUCE & FIR,23.0,5.0,33.0,382.0,30.0
2016,VENEER,MBF,ASH,391.0,22.0,800.0,28.0,
2016,VENEER,MBF,ASPEN/POPLAR,,,,,
2016,VENEER,MBF,BEECH,,,,,
2016,VENEER,MBF,RED OAK,630.0,200.0,1175.0,276.0,537.0
2016,VENEER,MBF,RED/WHITE MAPLE,512.0,150.0,882.0,16.0,430.0
2016,VENEER,MBF,SUGAR MAPLE,894.0,265.0,1324.0,197.0,863.0
2016,VENEER,MBF,WHITE BIRCH,580.0,225.0,1056.0,193.0,576.0
2016,VENEER,MBF,WHITE OAK,451.0,425.0,800.0,4.0,
2016,VENEER,MBF,YELLOW BIRCH,1012.0,200.0,1340.0,193.0,790.0
2016,PULPWOOD,ton,ASPEN/POPLAR,11.0,1.0,20.0,399.0,15.0
2016,PULPWOOD,ton,CEDAR,9.0,1.0,20.0,78.0,12.0
2016,PULPWOOD,ton,HEMLOCK,5.0,0.96,11.0,328.0,6.0
2016,PULPWOOD,ton,MIXED HARDWOOD,8.0,2.0,22.0,1213.0,12.0
2016,PULPWOOD,ton,RED PINE,7.0,1.0,15.0,25.0,7.0
2016,PULPWOOD,ton,SPRUCE & FIR,7.0,2.0,20.0,354.0,12.0
2016,PULPWOOD,ton,WHITE PINE,3.0,0.5,11.0,372.0,4.0
2017,BIOMASS,ton,ALL SPECIES,1.51,0.38,4.76,658.0,1.9
2017,SAWLOG,MBF,ASH,169.0,45.0,450.0,510.0,184.0
2017,SAWLOG,MBF,ASPEN/POPLAR,78.0,25.0,205.0,64.0,102.0
2017,SAWLOG,MBF,BEECH,94.0,20.0,260.0,33.0,107.0
2017,SAWLOG,MBF,CEDAR,136.0,20.0,212.0,151.0,116.0
2017,SAWLOG,MBF,HEMLOCK,58.0,15.0,152.0,398.0,71.0
2017,SAWLOG,MBF,RED OAK,293.0,33.0,582.0,572.0,283.0
2017,SAWLOG,MBF,RED PINE,64.0,15.0,190.0,91.0,41.0
2017,SAWLOG,MBF,RED/WHITE MAPLE,135.0,30.0,344.0,503.0,155.0
2017,SAWLOG,MBF,SPRUCE & FIR,122.0,25.0,285.0,550.0,109.0
2017,SAWLOG,MBF,SUGAR MAPLE,183.0,35.0,502.0,482.0,204.0
2017,SAWLOG,MBF,WHITE BIRCH,158.0,30.0,350.0,479.0,195.0
2017,SAWLOG,MBF,WHITE OAK,162.0,20.0,400.0,61.0,167.0
2017,SAWLOG,MBF,WHITE PINE,171.0,20.0,365.0,976.0,169.0
2017,SAWLOG,MBF,YELLOW BIRCH,163.0,30.0,400.0,446.0,200.0
2017,BOLTWOOD,MBF,ASPEN/POPLAR,,,,,
2017,BOLTWOOD,MBF,CEDAR,,,,,
2017,BOLTWOOD,MBF,RED OAK,,,,,
2017,BOLTWOOD,MBF,RED/WHITE MAPLE,,,,,
2017,BOLTWOOD,MBF,SUGAR MAPLE,102.0,80.0,130.0,10.0,130.0
2017,BOLTWOOD,MBF,WHITE BIRCH,129.0,25.0,250.0,179.0,171.0
2017,BOLTWOOD,MBF,YELLOW BIRCH,138.0,25.0,194.0,20.0,143.0
2017,FIREWOOD,cord,ALL SPECIES,22.0,5.0,45.0,608.0,24.0
2017,PALLETWOOD,MBF,HARDWOOD,79.0,9.0,255.0,572.0,83.0
2017,PALLETWOOD,MBF,SOFTWOOD,46.0,10.0,207.0,446.0,53.0
2017,STUDWOOD,ton,OTHER SPECIES,12.0,2.0,36.0,202.0,11.0
2017,STUDWOOD,ton,SPRUCE & FIR,22.0,3.0,36.0,452.0,23.0
2017,VENEER,MBF,ASH,419.0,25.0,800.0,21.0,391.0
2017,VENEER,MBF,ASPEN/POPLAR,104.0,55.0,162.0,10.0,
2017,VENEER,MBF,BEECH,,,,,
2017,VENEER,MBF,RED OAK,687.0,200.0,1150.0,294.0,630.0
2017,VENEER,MBF,RED/WHITE MAPLE,463.0,150.0,867.0,16.0,512.0
2017,VENEER,MBF,SUGAR MAPLE,792.0,200.0,1313.0,227.0,894.0
2017,VENEER,MBF,WHITE BIRCH,591.0,225.0,1015.0,195.0,580.0
2017,VENEER,MBF,WHITE OAK,344.0,242.0,625.0,6.0,451.0
2017,VENEER,MBF,YELLOW BIRCH,960.0,275.0,1338.0,203.0,1012.0
2017,PULPWOOD,ton,ASPEN/POPLAR,9.0,1.0,25.0,377.0,11.0
2017,PULPWOOD,ton,CEDAR,15.0,0.86,20.0,77.0,9.0
2017,PULPWOOD,ton,HEMLOCK,4.0,0.5,13.0,346.0,5.0
2017,PULPWOOD,ton,MIXED HARDWOOD,7.0,0.46,28.0,1249.0,8.0
2017,PULPWOOD,ton,RED PINE,7.0,1.0,14.0,16.0,7.0
2017,PULPWOOD,ton,SPRUCE & FIR,5.0,0.5,18.0,343.0,7.0
2017,PULPWOOD,ton,WHITE PINE,3.0,0.2,9.0,383.0,3.0
2018,BIOMASS,ton,ALL SPECIES,1.48,0.37,4.0,626.0,1.51
2018,SAWLOG,MBF,ASH,168.0,50.0,367.0,472.0,169.0
2018,SAWLOG,MBF,ASPEN/POPLAR,95.0,23.0,200.0,93.0,78.0
2018,SAWLOG,MBF,BEECH,103.0,10.0,200.0,28.0,94.0
2018,SAWLOG,MBF,CEDAR,141.0,33.0,190.0,139.0,136.0
2018,SAWLOG,MBF,HEMLOCK,69.0,20.0,140.0,448.0,58.0
2018,SAWLOG,MBF,RED OAK,311.0,100.0,621.0,543.0,293.0
2018,SAWLOG,MBF,RED PINE,59.0,20.0,180.0,107.0,64.0
2018,SAWLOG,MBF,RED/WHITE MAPLE,126.0,26.0,337.0,477.0,135.0
2018,SAWLOG,MBF,SPRUCE & FIR,180.0,30.0,250.0,628.0,122.0
2018,SAWLOG,MBF,SUGAR MAPLE,157.0,58.0,473.0,449.0,183.0
2018,SAWLOG,MBF,WHITE BIRCH,143.0,30.0,340.0,448.0,158.0
2018,SAWLOG,MBF,WHITE OAK,169.0,20.0,364.0,67.0,162.0
2018,SAWLOG,MBF,WHITE PINE,172.0,45.0,300.0,1036.0,171.0
2018,SAWLOG,MBF,YELLOW BIRCH,146.0,40.0,350.0,373.0,163.0
2018,BOLTWOOD,MBF,ASPEN/POPLAR,,,,,
2018,BOLTWOOD,MBF,CEDAR,,,,,
2018,BOLTWOOD,MBF,RED OAK,,,,,
2018,BOLTWOOD,MBF,RED/WHITE MAPLE,,,,,
2018,BOLTWOOD,MBF,SUGAR MAPLE,141.0,102.0,234.0,19.0,102.0
2018,BOLTWOOD,MBF,WHITE BIRCH,158.0,25.0,284.0,214.0,129.0
2018,BOLTWOOD,MBF,YELLOW BIRCH,136.0,45.0,196.0,28.0,138.0
2018,FIREWOOD,cord,ALL SPECIES,24.0,10.0,50.0,672.0,22.0
2018,PALLETWOOD,MBF,HARDWOOD,92.0,11.0,275.0,461.0,79.0
2018,PALLETWOOD,MBF,SOFTWOOD,52.0,12.0,150.0,477.0,46.0
2018,STUDWOOD,ton,OTHER SPECIES,16.0,2.0,40.0,193.0,12.0
2018,STUDWOOD,ton,SPRUCE & FIR,30.0,5.0,50.0,518.0,22.0
2018,VENEER,MBF,ASH,323.0,200.0,620.0,21.0,419.0
2018,VENEER,MBF,ASPEN/POPLAR,197.0,140.0,329.0,13.0,104.0
2018,VENEER,MBF,BEECH,,,,,
2018,VENEER,MBF,RED OAK,648.0,250.0,1189.0,312.0,687.0
2018,VENEER,MBF,RED/WHITE MAPLE,426.0,156.0,1000.0,19.0,463.0
2018,VENEER,MBF,SUGAR MAPLE,835.0,200.0,1351.0,189.0,792.0
2018,VENEER,MBF,WHITE BIRCH,386.0,200.0,1119.0,160.0,591.0
2018,VENEER,MBF,WHITE OAK,571.0,250.0,1250.0,16.0,344.0
2018,VENEER,MBF,YELLOW BIRCH,792.0,245.0,1267.0,192.0,960.0
2018,PULPWOOD,ton,ASPEN/POPLAR,10.0,2.0,21.0,382.0,9.0
2018,PULPWOOD,ton,CEDAR,15.0,1.0,22.0,78.0,15.0
2018,PULPWOOD,ton,HEMLOCK,4.0,1.0,10.0,365.0,4.0
2018,PULPWOOD,ton,MIXED HARDWOOD,8.0,2.0,18.0,1316.0,7.0
2018,PULPWOOD,ton,RED PINE,7.0,1.0,8.0,21.0,7.0
2018,PULPWOOD,ton,SPRUCE & FIR,6.0,1.0,16.0,378.0,5.0
2018,PULPWOOD,ton,WHITE PINE,3.0,0.5,10.0,438.0,3.0
2019,BIOMASS,ton,ALL SPECIES,1.39,0.5,4.0,511.0,1.48
2019,SAWLOG,MBF,ASH,197.0,58.0,375.0,497.0,168.0
2019,SAWLOG,MBF,ASPEN/POPLAR,98.0,16.0,200.0,83.0,95.0
2019,SAWLOG,MBF,BEECH,133.0,10.0,192.0,39.0,103.0
2019,SAWLOG,MBF,CEDAR,104.0,33.0,175.0,115.0,141.0
2019,SAWLOG,MBF,HEMLOCK,67.0,25.0,123.0,479.0,69.0
2019,SAWLOG,MBF,RED OAK,265.0,75.0,525.0,545.0,311.0
2019,SAWLOG,MBF,RED PINE,72.0,20.0,150.0,70.0,59.0
2019,SAWLOG,MBF,RED/WHITE MAPLE,157.0,40.0,342.0,469.0,126.0
2019,SAWLOG,MBF,SPRUCE & FIR,128.0,38.0,245.0,577.0,180.0
2019,SAWLOG,MBF,SUGAR MAPLE,254.0,60.0,490.0,483.0,157.0
2019,SAWLOG,MBF,WHITE BIRCH,158.0,50.0,370.0,466.0,143.0
2019,SAWLOG,MBF,WHITE OAK,135.0,40.0,370.0,74.0,169.0
2019,SAWLOG,MBF,WHITE PINE,175.0,32.0,311.0,1046.0,172.0
2019,SAWLOG,MBF,YELLOW BIRCH,198.0,56.0,398.0,434.0,146.0
2019,BOLTWOOD,MBF,ASPEN/POPLAR,,,,,
2019,BOLTWOOD,MBF,CEDAR,,,,,
2019,BOLTWOOD,MBF,RED OAK,,,,,
2019,BOLTWOOD,MBF,RED/WHITE MAPLE,163.0,75.0,185.0,10.0,
2019,BOLTWOOD,MBF,SUGAR MAPLE,137.0,65.0,218.0,13.0,141.0
2019,BOLTWOOD,MBF,WHITE BIRCH,158.0,35.0,390.0,207.0,158.0
2019,BOLTWOOD,MBF,YELLOW BIRCH,187.0,50.0,275.0,27.0,136.0
2019,FIREWOOD,cord,ALL SPECIES,25.0,10.0,42.0,616.0,24.0
2019,PALLETWOOD,MBF,HARDWOOD,97.0,13.0,255.0,549.0,92.0
2019,PALLETWOOD,MBF,SOFTWOOD,55.0,12.0,140.0,467.0,52.0
2019,STUDWOOD,ton,OTHER SPECIES,8.0,2.0,44.0,157.0,16.0
2019,STUDWOOD,ton,SPRUCE & FIR,26.0,6.0,46.0,468.0,30.0
2019,PULPWOOD,ton,ASPEN/POPLAR,11.0,4.0,20.0,336.0,10.0
2019,PULPWOOD,ton,CEDAR,15.0,0.5,20.0,59.0,15.0
2019,PULPWOOD,ton,HEMLOCK,5.0,1.0,9.0,398.0,4.0
2019,PULPWOOD,ton,MIXED HARDWOOD,9.0,2.0,19.0,1302.0,8.0
2019,PULPWOOD,ton,RED PINE,4.0,3.0,7.0,13.0,7.0
2019,PULPWOOD,ton,SPRUCE & FIR,5.0,1.0,16.0,511.0,6.0
2019,PULPWOOD,ton,WHITE PINE,3.0,0.8,8.0,523.0,3.0
2019,VENEER,MBF,ASH,493.0,298.0,700.0,30.0,323.0
2019,VENEER,MBF,ASPEN/POPLAR,,,,,
2019,VENEER,MBF,BEECH,,,,,
2019,VENEER,MBF,RED OAK,622.0,242.0,1150.0,314.0,648.0
2019,VENEER,MBF,RED/WHITE MAPLE,519.0,398.0,1020.0,31.0,426.0
2019,VENEER,MBF,SUGAR MAPLE,836.0,255.0,1400.0,182.0,835.0
2019,VENEER,MBF,WHITE BIRCH,592.0,250.0,1200.0,153.0,386.0
2019,VENEER,MBF,WHITE OAK,602.0,550.0,743.0,4.0,571.0
2019,VENEER,MBF,YELLOW BIRCH,804.0,250.0,1400.0,180.0,792.0
2020,BIOMASS,ton,ALL SPECIES,1.44,0.4,5.0,515.0,1.39
2020,SAWLOG,MBF,ASH,177.0,56.0,347.0,477.0,197.0
2020,SAWLOG,MBF,ASPEN/POPLAR,97.0,30.0,245.0,74.0,98.0
2020,SAWLOG,MBF,BEECH,127.0,10.0,256.0,44.0,133.0
2020,SAWLOG,MBF,CEDAR,101.0,20.0,175.0,134.0,104.0
2020,SAWLOG,MBF,HEMLOCK,61.0,25.0,125.0,409.0,67.0
2020,SAWLOG,MBF,RED OAK,251.0,100.0,480.0,487.0,265.0
2020,SAWLOG,MBF,RED PINE,62.0,20.0,147.0,67.0,72.0
2020,SAWLOG,MBF,RED/WHITE MAPLE,115.0,50.0,330.0,455.0,157.0
2020,SAWLOG,MBF,SPRUCE & FIR,118.0,45.0,196.0,476.0,128.0
2020,SAWLOG,MBF,SUGAR MAPLE,186.0,75.0,431.0,441.0,254.0
2020,SAWLOG,MBF,WHITE BIRCH,133.0,50.0,320.0,417.0,158.0
2020,SAWLOG,MBF,WHITE OAK,175.0,50.0,315.0,60.0,135.0
2020,SAWLOG,MBF,WHITE PINE,168.0,65.0,251.0,915.0,175.0
2020,SAWLOG,MBF,YELLOW BIRCH,150.0,50.0,331.0,379.0,198.0
2020,BOLTWOOD,MBF,ASPEN/POPLAR,,,,,
2020,BOLTWOOD,MBF,CEDAR,,,,,
2020,BOLTWOOD,MBF,RED OAK,,,,,
2020,BOLTWOOD,MBF,RED/WHITE MAPLE,111.0,101.0,120.0,4.0,163.0
2020,BOLTWOOD,MBF,SUGAR MAPLE,128.0,125.0,179.0,15.0,137.0
2020,BOLTWOOD,MBF,WHITE BIRCH,168.0,45.0,298.0,158.0,158.0
2020,BOLTWOOD,MBF,YELLOW BIRCH,123.0,93.0,154.0,15.0,187.0
2020,FIREWOOD,cord,ALL SPECIES,24.0,10.0,40.0,556.0,25.0
2020,PALLETWOOD,MBF,HARDWOOD,89.0,10.0,225.0,581.0,97.0
2020,PALLETWOOD,MBF,SOFTWOOD,46.0,10.0,100.0,482.0,55.0
2020,STUDWOOD,ton,OTHER SPECIES,11.0,3.0,28.0,126.0,8.0
2020,STUDWOOD,ton,SPRUCE & FIR,22.0,5.0,35.0,396.0,26.0
2020,PULPWOOD,ton,ASPEN/POPLAR,11.0,3.0,19.0,265.0,11.0
2020,PULPWOOD,ton,CEDAR,13.0,1.0,21.0,69.0,15.0
2020,PULPWOOD,ton,HEMLOCK,4.0,0.46,10.0,404.0,5.0
2020,PULPWOOD,ton,MIXED HARDWOOD,9.0,2.0,16.0,1051.0,9.0
2020,PULPWOOD,ton,RED PINE,3.0,2.0,6.0,9.0,4.0
2020,PULPWOOD,ton,SPRUCE & FIR,6.0,0.96,15.0,404.0,5.0
2020,PULPWOOD,ton,WHITE PINE,3.0,1.0,8.0,371.0,3.0
2020,VENEER,MBF,ASH,415.0,240.0,640.0,21.0,493.0
2020,VENEER,MBF,ASPEN/POPLAR,,,,,
2020,VENEER,MBF,BEECH,,,,,
2020,VENEER,MBF,RED OAK,656.0,200.0,1275.0,288.0,622.0
2020,VENEER,MBF,RED/WHITE MAPLE,513.0,158.0,1315.0,31.0,519.0
2020,VENEER,MBF,SUGAR MAPLE,824.0,300.0,1569.0,187.0,836.0
2020,VENEER,MBF,WHITE BIRCH,606.0,170.0,1050.0,168.0,592.0
2020,VENEER,MBF,WHITE OAK,490.0,375.0,1000.0,6.0,602.0
2020,VENEER,MBF,YELLOW BIRCH,856.0,250.0,1325.0,177.0,804.0
2021,BIOMASS,ton,ALL SPECIES,2.0,0.5,5.0,384.0,1.0
2021,SAWLOG,MBF,ASH,213.0,60.0,374.0,415.0,177.0
2021,SAWLOG,MBF,ASPEN/POPLAR,83.0,40.0,190.0,76.0,97.0
2021,SAWLOG,MBF,BEECH,119.0,40.0,175.0,47.0,127.0
2021,SAWLOG,MBF,CEDAR,101.0,60.0,150.0,73.0,101.0
2021,SAWLOG,MBF,HEMLOCK,62.0,26.0,119.0,394.0,61.0
2021,SAWLOG,MBF,RED OAK,311.0,88.0,595.0,415.0,251.0
2021,SAWLOG,MBF,RED PINE,44.0,5.0,150.0,69.0,62.0
2021,SAWLOG,MBF,RED/WHITE MAPLE,197.0,60.0,378.0,421.0,115.0
2021,SAWLOG,MBF,SPRUCE & FIR,148.0,29.0,225.0,432.0,118.0
2021,SAWLOG,MBF,SUGAR MAPLE,353.0,95.0,535.0,398.0,186.0
2021,SAWLOG,MBF,WHITE BIRCH,160.0,33.0,340.0,355.0,133.0
2021,SAWLOG,MBF,WHITE OAK,122.0,25.0,274.0,52.0,175.0
2021,SAWLOG,MBF,WHITE PINE,176.0,63.0,285.0,773.0,168.0
2021,SAWLOG,MBF,YELLOW BIRCH,217.0,63.0,357.0,350.0,150.0
2021,BOLTWOOD,MBF,ASH,145.0,134.0,180.0,3.0,
2021,BOLTWOOD,MBF,ASPEN/POPLAR,,,,,
2021,BOLTWOOD,MBF,CEDAR,,,,,
2021,BOLTWOOD,MBF,RED OAK,,,,,
2021,BOLTWOOD,MBF,RED/WHITE MAPLE,,,,,111.0
2021,BOLTWOOD,MBF,SUGAR MAPLE,231.0,40.0,382.0,13.0,128.0
2021,BOLTWOOD,MBF,WHITE BIRCH,195.0,25.0,405.0,168.0,168.0
2021,BOLTWOOD,MBF,YELLOW BIRCH,295.0,40.0,312.0,12.0,123.0
2021,FIREWOOD,cord,ALL SPECIES,21.0,8.0,40.0,483.0,24.0
2021,STUDWOOD,ton,OTHER SPECIES,10.0,0.93,29.0,112.0,11.0
2021,STUDWOOD,ton,SPRUCE & FIR,28.0,7.0,52.0,426.0,22.0
2021,PALLETWOOD,MBF,HARDWOOD,99.0,16.0,262.0,430.0,89.0
2021,PALLETWOOD,MBF,SOFTWOOD,50.0,14.0,125.0,325.0,46.0
2021,VENEER,MBF,ASH,309.0,220.0,670.0,30.0,415.0
2021,VENEER,MBF,ASPEN/POPLAR,105.0,80.0,150.0,9.0,
2021,VENEER,MBF,BEECH,,,,,
2021,VENEER,MBF,RED OAK,634.0,250.0,1150.0,239.0,656.0
2021,VENEER,MBF,RED/WHITE MAPLE,635.0,350.0,969.0,12.0,513.0
2021,VENEER,MBF,SUGAR MAPLE,839.0,304.0,1850.0,139.0,824.0
2021,VENEER,MBF,WHITE BIRCH,576.0,200.0,1027.0,141.0,606.0
2021,VENEER,MBF,WHITE OAK,,,,,490.0
2021,VENEER,MBF,YELLOW BIRCH,781.0,200.0,1133.0,129.0,856.0
2021,PULPWOOD,ton,ASPEN/POPLAR,5.0,0.86,18.0,191.0,11.0
2021,PULPWOOD,ton,CEDAR,19.0,6.0,20.0,51.0,13.0
2021,PULPWOOD,ton,HEMLOCK,3.0,0.75,9.0,353.0,4.0
2021,PULPWOOD,ton,MIXED HARDWOOD,5.0,1.0,15.0,972.0,9.0
2021,PULPWOOD,ton,RED PINE,2.0,2.0,3.0,5.0,3.0
2021,PULPWOOD,ton,SPRUCE & FIR,4.0,1.0,11.0,253.0,6.0
2021,PULPWOOD,ton,WHITE PINE,3.0,0.45,7.0,222.0,3.0
2022,BIOMASS,ton,ALL SPECIES,2.0,0.5,14.0,381.0,2.0
2022,SAWLOG,MBF,ASH,221.0,67.0,400.0,359.0,213.0
2022,SAWLOG,MBF,ASPEN/POPLAR,59.0,32.0,220.0,45.0,83.0
2022,SAWLOG,MBF,BEECH,104.0,40.0,320.0,41.0,119.0
2022,SAWLOG,MBF,CEDAR,87.0,61.0,160.0,45.0,101.0
2022,SAWLOG,MBF,HEMLOCK,67.0,25.0,146.0,365.0,62.0
2022,SAWLOG,MBF,RED OAK,321.0,100.0,775.0,390.0,311.0
2022,SAWLOG,MBF,RED PINE,33.0,17.0,100.0,54.0,44.0
2022,SAWLOG,MBF,RED/WHITE MAPLE,195.0,70.0,429.0,340.0,197.0
2022,SAWLOG,MBF,SPRUCE & FIR,174.0,18.0,336.0,360.0,148.0
2022,SAWLOG,MBF,SUGAR MAPLE,315.0,110.0,583.0,342.0,353.0
2022,SAWLOG,MBF,WHITE BIRCH,213.0,60.0,600.0,326.0,160.0
2022,SAWLOG,MBF,WHITE OAK,147.0,45.0,250.0,37.0,122.0
2022,SAWLOG,MBF,WHITE PINE,202.0,10.0,524.0,626.0,176.0
2022,SAWLOG,MBF,YELLOW BIRCH,233.0,60.0,373.0,257.0,217.0
2022,BOLTWOOD,MBF,ASH,,,,,145.0
2022,BOLTWOOD,MBF,ASPEN/POPLAR,,,,,
2022,BOLTWOOD,MBF,CEDAR,,,,,
2022,BOLTWOOD,MBF,RED OAK,,,,,
2022,BOLTWOOD,MBF,RED/WHITE MAPLE,227.0,224.0,317.0,4.0,
2022,BOLTWOOD,MBF,SUGAR MAPLE,257.0,180.0,325.0,12.0,231.0
2022,BOLTWOOD,MBF,WHITE BIRCH,237.0,75.0,433.0,134.0,195.0
2022,BOLTWOOD,MBF,YELLOW BIRCH,257.0,138.0,284.0,4.0,295.0
2022,FIREWOOD,cord,ALL SPECIES,28.0,2.0,55.0,429.0,21.0
2022,STUDWOOD,ton,OTHER SPECIES,11.0,4.0,29.0,41.0,10.0
2022,STUDWOOD,ton,SPRUCE & FIR,34.0,9.0,71.0,228.0,28.0
2022,PALLETWOOD,MBF,HARDWOOD,96.0,25.0,300.0,400.0,99.0
2022,PALLETWOOD,MBF,SOFTWOOD,61.0,15.0,240.0,315.0,50.0
2022,VENEER,MBF,ASH,389.0,248.0,600.0,12.0,309.0
2022,VENEER,MBF,ASPEN/POPLAR,142.0,100.0,200.0,7.0,105.0
2022,VENEER,MBF,BEECH,,,,,
2022,VENEER,MBF,RED OAK,679.0,275.0,1350.0,209.0,634.0
2022,VENEER,MBF,RED/WHITE MAPLE,876.0,600.0,1100.0,8.0,635.0
2022,VENEER,MBF,SUGAR MAPLE,706.0,383.0,1655.0,109.0,839.0
2022,VENEER,MBF,WHITE BIRCH,590.0,350.0,900.0,79.0,576.0
2022,VENEER,MBF,WHITE OAK,,,,,
2022,VENEER,MBF,YELLOW BIRCH,712.0,217.0,1207.0,80.0,781.0
2022,PULPWOOD,ton,ASPEN/POPLAR,10.0,1.0,18.0,69.0,5.0
2022,PULPWOOD,ton,CEDAR,15.0,11.0,18.0,4.0,19.0
2022,PULPWOOD,ton,HEMLOCK,3.0,1.0,9.0,315.0,3.0
2022,PULPWOOD,ton,MIXED HARDWOOD,8.0,0.5,23.0,763.0,5.0
2022,PULPWOOD,ton,RED PINE,13.0,3.0,14.0,6.0,2.0
2022,PULPWOOD,ton,SPRUCE & FIR,4.0,0.1,17.0,249.0,4.0
2022,PULPWOOD,ton,WHITE PINE,3.0,1.0,35.0,264.0,3.0
2023,BIOMASS,ton,ALL SPECIES,2.0,0.25,5.0,511.0,2.0
2023,SAWLOG,MBF,ASH,248.0,45.0,500.0,384.0,221.0
2023,SAWLOG,MBF,ASPEN/POPLAR,106.0,27.0,185.0,62.0,59.0
2023,SAWLOG,MBF,BEECH,101.0,25.0,274.0,39.0,104.0
2023,SAWLOG,MBF,CEDAR,77.0,50.0,160.0,21.0,87.0
2023,SAWLOG,MBF,HEMLOCK,50.0,11.0,189.0,414.0,67.0
2023,SAWLOG,MBF,RED OAK,285.0,50.0,700.0,465.0,321.0
2023,SAWLOG,MBF,RED PINE,59.0,10.0,125.0,58.0,33.0
2023,SAWLOG,MBF,RED/WHITE MAPLE,187.0,22.0,450.0,365.0,195.0
2023,SAWLOG,MBF,SPRUCE & FIR,143.0,20.0,400.0,470.0,174.0
2023,SAWLOG,MBF,SUGAR MAPLE,274.0,47.0,620.0,329.0,315.0
2023,SAWLOG,MBF,WHITE BIRCH,257.0,48.0,500.0,328.0,213.0
2023,SAWLOG,MBF,WHITE OAK,192.0,50.0,375.0,46.0,147.0
2023,SAWLOG,MBF,WHITE PINE,229.0,4.0,500.0,859.0,202.0
2023,SAWLOG,MBF,YELLOW BIRCH,259.0,40.0,400.0,278.0,233.0
2023,BOLTWOOD,MBF,ASH,136.0,118.0,141.0,3.0,
2023,BOLTWOOD,MBF,ASPEN/POPLAR,,,,,
2023,BOLTWOOD,MBF,CEDAR,,,,,
2023,BOLTWOOD,MBF,RED OAK,,,,,
2023,BOLTWOOD,MBF,RED/WHITE MAPLE,,,,,227.0
2023,BOLTWOOD,MBF,SUGAR MAPLE,241.0,134.0,358.0,6.0,257.0
2023,BOLTWOOD,MBF,WHITE BIRCH,226.0,50.0,405.0,149.0,237.0
2023,BOLTWOOD,MBF,YELLOW BIRCH,163.0,115.0,285.0,7.0,257.0
2023,FIREWOOD,cord,ALL SPECIES,28.0,4.0,68.0,600.0,28.0
2023,STUDWOOD,ton,OTHER SPECIES,12.0,2.0,44.0,71.0,11.0
2023,STUDWOOD,ton,SPRUCE & FIR,25.0,7.0,73.0,294.0,34.0
2023,PALLETWOOD,MBF,HARDWOOD,105.0,15.0,320.0,471.0,96.0
2023,PALLETWOOD,MBF,SOFTWOOD,92.0,5.0,260.0,374.0,61.0
2023,VENEER,MBF,ASH,434.0,225.0,760.0,24.0,389.0
2023,VENEER,MBF,ASPEN/POPLAR,,,,,142.0
2023,VENEER,MBF,BEECH,,,,,
2023,VENEER,MBF,RED OAK,650.0,111.0,1333.0,255.0,679.0
2023,VENEER,MBF,RED/WHITE MAPLE,513.0,230.0,900.0,7.0,876.0
2023,VENEER,MBF,SUGAR MAPLE,578.0,323.0,1950.0,87.0,706.0
2023,VENEER,MBF,WHITE BIRCH,621.0,300.0,900.0,87.0,590.0
2023,VENEER,MBF,WHITE OAK,,,,,
2023,VENEER,MBF,YELLOW BIRCH,573.0,150.0,1200.0,59.0,712.0
2023,PULPWOOD,ton,ASPEN/POPLAR,12.0,5.0,35.0,98.0,10.0
2023,PULPWOOD,ton,CEDAR,19.0,4.0,25.0,40.0,15.0
2023,PULPWOOD,ton,HEMLOCK,4.0,0.8,14.0,197.0,3.0
2023,PULPWOOD,ton,MIXED HARDWOOD,9.0,2.0,26.0,926.0,8.0
2023,PULPWOOD,ton,RED PINE,2.0,2.0,4.0,3.0,13.0
2023,PULPWOOD,ton,SPRUCE & FIR,5.0,1.0,16.0,291.0,4.0
2023,PULPWOOD,ton,WHITE PINE,2.0,1.0,10.0,285.0,3.0
2024,BIOMASS,ton,ALL SPECIES,1.0,0.1,6.0,587.0,2.0
2024,SAWLOG,MBF,ASH,231.0,40.0,600.0,435.0,248.0
2024,SAWLOG,MBF,ASPEN/POPLAR,76.0,45.0,250.0,97.0,106.0
2024,SAWLOG,MBF,BEECH,115.0,30.0,275.0,49.0,101.0
2024,SAWLOG,MBF,CEDAR,81.0,35.0,182.0,44.0,77.0
2024,SAWLOG,MBF,HEMLOCK,69.0,25.0,240.0,513.0,50.0
2024,SAWLOG,MBF,RED OAK,293.0,70.0,725.0,559.0,285.0
2024,SAWLOG,MBF,RED PINE,67.0,15.0,180.0,97.0,59.0
2024,SAWLOG,MBF,RED/WHITE MAPLE,183.0,30.0,500.0,459.0,187.0
2024,SAWLOG,MBF,SPRUCE & FIR,108.0,20.0,336.0,478.0,143.0
2024,SAWLOG,MBF,SUGAR MAPLE,251.0,36.0,650.0,378.0,274.0
2024,SAWLOG,MBF,WHITE BIRCH,223.0,30.0,500.0,349.0,257.0
2024,SAWLOG,MBF,WHITE OAK,236.0,45.0,484.0,85.0,192.0
2024,SAWLOG,MBF,WHITE PINE,208.0,1.0,450.0,949.0,229.0
2024,SAWLOG,MBF,YELLOW BIRCH,204.0,50.0,525.0,317.0,259.0
2024,BOLTWOOD,MBF,ASH,,,,,136.0
2024,BOLTWOOD,MBF,ASPEN/POPLAR,,,,,
2024,BOLTWOOD,MBF,BEECH,,,,,
2024,BOLTWOOD,MBF,CEDAR,,,,,
2024,BOLTWOOD,MBF,RED OAK,,,,,
2024,BOLTWOOD,MBF,RED/WHITE MAPLE,,,,,
2024,BOLTWOOD,MBF,SUGAR MAPLE,240.0,240.0,240.0,7.0,241.0
2024,BOLTWOOD,MBF,WHITE BIRCH,185.0,80.0,325.0,104.0,226.0
2024,BOLTWOOD,MBF,WHITE OAK,,,,,
2024,BOLTWOOD,MBF,YELLOW BIRCH,,,,,163.0
2024,FIREWOOD,cord,ALL SPECIES,27.0,5.0,68.0,664.0,28.0
2024,STUDWOOD,ton,OTHER SPECIES,9.0,3.0,80.0,76.0,12.0
2024,STUDWOOD,ton,SPRUCE & FIR,22.0,6.0,67.0,286.0,25.0
2024,PALLETWOOD,MBF,HARDWOOD,100.0,12.0,350.0,555.0,105.0
2024,PALLETWOOD,MBF,SOFTWOOD,53.0,15.0,170.0,484.0,92.0
2024,VENEER,MBF,ASH,511.0,135.0,900.0,54.0,434.0
2024,VENEER,MBF,ASPEN/POPLAR,206.0,100.0,250.0,7.0,
2024,VENEER,MBF,BEECH,,,,,
2024,VENEER,MBF,RED OAK,736.0,184.0,1350.0,316.0,650.0
2024,VENEER,MBF,RED/WHITE MAPLE,528.0,200.0,1200.0,13.0,513.0
2024,VENEER,MBF,SUGAR MAPLE,757.0,200.0,1696.0,125.0,578.0
2024,VENEER,MBF,WHITE BIRCH,579.0,134.0,1430.0,96.0,621.0
2024,VENEER,MBF,WHITE OAK,806.0,520.0,1350.0,6.0,
2024,VENEER,MBF,YELLOW BIRCH,630.0,225.0,1575.0,73.0,573.0
2024,PULPWOOD,ton,ASPEN/POPLAR,9.0,2.0,28.0,112.0,12.0
2024,PULPWOOD,ton,CEDAR,20.0,6.0,30.0,24.0,19.0
2024,PULPWOOD,ton,HEMLOCK,3.0,0.5,8.0,171.0,4.0
2024,PULPWOOD,ton,MIXED HARDWOOD,7.0,1.0,23.0,1077.0,9.0
2024,PULPWOOD,ton,RED PINE,4.0,0.5,8.0,12.0,2.0
2024,PULPWOOD,ton,SPRUCE & FIR,4.0,0.5,30.0,283.0,5.0
2024,PULPWOOD,ton,WHITE PINE,2.0,0.5,10.0,308.0,2.0
